full_name,description_len,language,forks_count,watchers_count,has_issues,has_wiki,days_since_created,days_since_updated,days_since_pushed,commit_count,stargazers_count
CloudStack-extras/CloudStack-archive,148,Java,80,253,1,1,5323,317,4601,12035,253
ApeWorX/ape,96,Python,156,961,1,0,1599,3,8,1617,961
Tib3rius/Pentest-Cheatsheets,0,Python,282,1108,1,1,2011,9,1492,3,1108
dciccale/placeholder-enhanced,109,JavaScript,21,121,1,0,5086,1295,3549,163,121
shesek/spark-wallet,105,JavaScript,78,343,1,0,2467,131,319,815,343
fed135/Kalm,40,JavaScript,15,442,1,1,3655,112,2697,237,442
jpush/jmessage-flutter-plugin,79,Java,60,166,1,0,2349,535,1052,167,166
hanks-zyh/SmallBang,49,Java,158,1003,1,1,3437,17,2737,30,1003
torben/FlappyMotion,0,Ruby,7,124,1,1,4006,623,4006,12,124
markusschwenk/midieditor,57,C++,70,490,1,1,2551,9,492,142,490
nydiarra/springboot-jwt,192,Java,332,547,1,1,2939,15,702,31,547
coderyi/NetworkEye,50,Objective-C,238,1408,1,1,3487,7,1733,124,1408
NoelFB/FosterOld,61,C#,21,319,0,1,2083,99,622,506,319
thlorenz/exorcist,77,JavaScript,34,331,1,1,4144,125,836,50,331
breakfastquay/rubberband,92,C++,101,640,1,1,3396,5,80,944,640
listenzz/AndroidNavigation,78,Java,93,718,1,1,2685,39,103,734,718
lxx1991/VS-ReID,48,Python,65,292,1,1,2530,220,2500,7,292
staz0t/hashcatch,56,Shell,85,754,1,1,2098,7,1464,52,754
Zylann/godot_heightmap_module,60,C++,9,64,1,1,2912,631,2354,70,64
IndigoUnited/automaton,40,JavaScript,10,214,1,1,4592,572,3091,410,214
SarvagyaVaish/FlappyBirdRL,45,JavaScript,232,919,1,1,4114,36,2745,8,919
torrvision/crayon,44,Python,57,778,1,1,3085,130,2751,118,778
epidemian/snake,37,JavaScript,65,652,1,1,3396,11,488,60,652
runemadsen/rune.js,68,JavaScript,34,655,1,1,3595,125,1781,330,655
transcend-io/terragrunt-atlantis-config,49,HCL,115,682,1,1,1879,3,36,205,682
hejingwenhejingwen/AdaFM,139,Python,21,184,1,1,2215,274,2117,26,184
projectdiscovery/shuffledns,168,Go,197,1426,1,1,1913,4,3,362,1426
Freaky/Compactor,54,Rust,49,1258,1,1,2199,4,889,150,1258
john-smilga/react-beach-resort-project,0,JavaScript,258,313,1,1,2216,180,870,7,313
dgreif/ring,81,TypeScript,178,1324,1,1,2414,5,9,978,1324
avr-llvm/llvm,59,,21,220,1,1,3922,188,2799,2,220
jorisvandenbossche/geopandas-tutorial,52,Jupyter Notebook,147,439,1,1,2589,45,997,57,439
Meteor-Community-Packages/meteor-roles,76,JavaScript,170,922,1,1,4521,22,55,597,922
Blank-c/Blank-Grabber,80,Python,228,847,1,0,1213,4,656,279,847
annexare/Countries,90,TypeScript,429,1237,1,1,3973,6,282,206,1237
AndroidDeveloperLB/AndroidJniBitmapOperations,158,C++,154,538,1,1,4244,17,1775,83,538
kitwon/vue2-event-calendar,40,Vue,15,76,1,1,2635,584,894,114,76
gogcom/galaxy-integrations-python-api,160,Python,222,1288,1,1,2186,7,368,302,1288
kiwix/kiwix-android,17,Kotlin,485,1003,1,1,3046,4,3,8595,1003
LinJiabang/virtual-display,46,C,48,127,1,1,3408,148,1614,89,127
react-csv/react-csv,85,JavaScript,262,1174,1,1,3100,6,415,230,1174
textstat/textstat,109,Python,177,1276,1,0,3992,5,7,471,1276
RVLVR/REVClusterMap,35,Objective-C,57,304,1,1,5058,398,4757,17,304
andresriancho/enumerate-iam,60,Python,179,1153,1,1,2204,4,472,14,1153
sanity/quickml,52,Java,51,232,1,1,4993,275,1098,1160,232
zhihao-chen/QASystemOnMedicalGraph,27,Python,339,1321,1,1,2317,5,2191,15,1321
hauptrolle/chakra-templates,93,TypeScript,237,1543,1,1,1606,11,538,611,1543
rossem/RedditStorage,35,Python,29,835,1,1,3803,14,771,94,835
squirephp/squire,60,PHP,75,1024,1,0,1688,21,87,205,1024
ankane/blind_index,41,Ruby,27,676,1,0,2713,14,18,305,676
mapbox/earcut.hpp,39,C,141,904,1,0,3746,4,126,126,904
jython/jython,29,Python,213,1381,1,1,1762,3,18,8487,1381
vvo/lazyload,93,JavaScript,151,937,1,0,4859,55,1557,304,937
sturobson/Sassifaction,20,CSS,12,178,1,1,4235,776,3920,86,178
rakyll/gom,61,Go,42,1285,1,1,3861,11,1183,113,1285
DeepGraphLearning/graphvite,65,C++,154,1252,1,1,2137,7,342,16,1252
potamides/DeTikZify,76,Python,62,1252,1,0,543,4,42,195,1252
walmartlabs/electrode,70,,42,451,0,0,3164,93,2670,10,451
clojure-emacs/sayid,22,Clojure,27,409,1,1,3526,148,1149,596,409
keepassium/KeePassium,53,Swift,110,1336,1,1,2594,3,125,1199,1336
berndruecker/flowing-retail,239,Java,471,1318,1,1,2809,7,294,244,1318
nikhita/tech-conferences-india,57,,182,715,1,1,3068,22,1076,196,715
quchen/stgi,90,Haskell,25,532,1,1,3339,45,1445,514,532
malware-dev/MDK-SE,32,C#,128,1030,1,1,2858,4,272,273,1030
ahungry/org-jira,31,Emacs Lisp,136,700,1,1,3112,28,29,573,700
ExtraCells/ExtraCells2,12,Java,117,136,1,1,4121,163,291,906,136
codeforpublic/SQUID,36,TypeScript,132,253,1,1,1884,274,847,638,253
altdesktop/i3-style,44,Rust,28,676,1,1,4225,53,1665,159,676
svanoort/pyresttest,19,Python,325,1162,1,1,4039,19,1442,531,1162
yoshitomo-matsubara/torchdistill,320,Python,135,1501,1,1,1982,5,11,1598,1501
SecUpwN/Spotify-AdKiller,38,Shell,88,853,1,0,4009,4,1784,177,853
i5ting/node-debug-tutorial,16,HTML,34,313,1,1,3844,148,2713,40,313
grahamc/ish,79,Python,15,76,1,1,3529,596,2805,19,76
Zulko/vapory,52,Python,72,487,1,1,3839,77,1255,65,487
josepholiveira/podcastr,93,TypeScript,43,478,1,1,1495,25,1423,8,478
PaNaVTEC/Clean-Contacts,44,Java,75,628,1,1,3724,20,2046,261,628
cykod/Quintus,17,JavaScript,401,1417,1,1,4799,10,495,256,1417
ArmisSecurity/blueborne,55,Python,211,598,0,1,2771,23,1466,19,598
mrkkrp/megaparsec,53,Haskell,91,943,1,1,3588,8,111,971,943
pageauc/speed-camera,333,Python,175,1027,1,1,3146,4,24,733,1027
Shestak/ShestakUI,36,Lua,104,208,0,0,5534,133,796,9066,208
wodenwang/nami,15,Roff,87,316,1,1,3134,43,2942,140,316
aws-samples/hardeneks,64,Python,93,907,1,1,895,10,111,273,907
salesforce/reactive-grpc,23,Java,119,841,1,1,2753,4,395,603,841
aserg-ufmg/JSCity,57,JavaScript,80,1393,1,1,3621,5,2027,46,1393
ExtensityAI/symbolicai,48,Python,59,1036,1,1,904,7,6,1051,1036
cosmologicon/pywat,11,,63,1216,1,1,3632,25,2258,23,1216
caveofprogramming/java-beginners,43,Java,341,544,1,1,3257,13,512,5,544
RamonSilva20/mapos,40,PHP,632,967,1,1,3416,8,8,1202,967
hakril/PythonForWindows,77,Python,117,616,1,1,3423,6,8,974,616
mirage/ocaml-cohttp,64,OCaml,177,736,1,1,5713,12,67,3129,736
dyo/dyo,57,JavaScript,39,952,1,0,3270,33,238,1332,952
eulerto/wal2json,43,C,161,1387,1,1,4110,7,43,161,1387
cloudfoundry-attic/warden,54,Ruby,108,283,1,1,4748,243,3084,1013,283
AdamBCo/ABCIntroView,54,Objective-C,44,256,1,1,3759,424,2958,14,256
anker1209/Scriptable,0,JavaScript,75,706,1,1,1595,7,132,428,706
Rocketseat/expo-common-issues,40,,124,1072,1,1,2058,35,1704,22,1072
dzikoysk/reposilite,121,Kotlin,202,1546,1,0,2877,8,22,2557,1546
marlenesco/material-cards,49,Less,127,400,1,1,3593,90,945,27,400
LinkedInAttic/sensei,40,Java,163,541,1,1,5567,89,3989,2141,541
abenzer/represent-map,98,PHP,189,358,1,1,4733,94,2647,84,358
yahoo/AppDevKit,138,Objective-C,150,1444,1,1,3276,121,161,282,1444
Nightonke/LeeCo,104,Java,100,496,1,1,3422,69,3287,75,496
ares-emulator/ares,100,C++,146,1222,1,1,1423,4,5,3515,1222
getndazn/dazn-lambda-powertools,90,JavaScript,77,742,1,1,2554,158,674,622,742
shekkizh/WassersteinGAN.tensorflow,86,Python,130,418,1,1,3022,173,3020,8,418
dily3825002/EgerAir,34,JavaScript,17,61,1,1,3185,1226,3165,4,61
vmware/concord-bft,66,C++,147,382,1,1,2487,25,486,4650,382
AzureAD/azure-activedirectory-identitymodel-extensions-for-dotnet,33,C#,427,1105,1,1,4095,5,3,2372,1105
freeotp/freeotp-android,0,Java,318,1513,1,1,3132,4,43,245,1513
webcreate/infinite-ajax-scroll,69,JavaScript,343,901,1,0,5103,5,546,1167,901
rodjek/puppet-lint,59,Ruby,208,820,1,1,5029,12,632,1363,820
Satsuoni/widevine-l3-guesser,0,C,363,886,1,1,1394,18,1386,14,886
syamilmj/Aqua-Resizer,34,PHP,205,505,1,1,4765,14,1679,63,505
adafruit/Adafruit_Sensor,21,C++,712,1006,1,0,4508,3,136,112,1006
cutterkom/generativeart,28,R,165,928,1,1,2380,6,1122,29,928
darkr4y/geacon,65,Go,210,1201,1,1,1924,4,1694,10,1201
ha7ilm/openwebrx,66,JavaScript,500,1018,1,1,3828,8,340,212,1018
matfish2/vue-tables-2,24,JavaScript,301,1522,1,1,3174,68,1274,815,1522
iamdanielyin/ibird,56,JavaScript,8,73,1,1,3277,925,1801,340,73
TheWaveWarden/odin2,25,C++,53,628,1,0,1676,8,11,1505,628
ethz-asl/voxblox,110,C++,366,1450,1,0,3327,3,326,1478,1450
robi56/awesome-bayesian-deep-learning,64,,86,415,1,1,2936,104,2934,13,415
Rogero0o/PasswordLoadingView,46,Java,61,529,1,1,3426,21,812,30,529
lambdalisue/vim-fern,69,Vim Script,49,1315,1,1,2377,6,39,882,1315
waylau/Gradle-2-User-Guide,39,,114,406,1,1,3954,42,3039,64,406
LukeAllen/optimeyes,75,Python,57,187,1,1,4065,155,1520,21,187
xpl/crx-hotreload,29,JavaScript,129,877,1,1,3119,6,418,61,877
OpenLightingProject/ola,77,C++,212,673,1,0,4175,7,73,12646,673
xianyunyh/PHP-Interview,98,PHP,382,1186,1,1,2587,10,441,150,1186
slack-ruby/slack-ruby-bot,45,Ruby,186,1114,1,0,3612,10,1481,351,1114
Minitour/EasyNotificationBadge,48,Swift,34,214,1,1,3207,315,1581,78,214
jaywcjlove/git-tips,27,Markdown,127,433,1,1,2232,84,334,46,433
Sh4yy/cloudflare-email,112,TypeScript,378,1525,1,1,708,6,389,14,1525
GoogleChromeLabs/comlink-loader,77,JavaScript,40,625,1,1,2536,26,1711,26,625
AdamNiederer/vue-mode,27,Emacs Lisp,59,334,1,1,3329,37,507,110,334
microsoft/azurechat,69,TypeScript,1348,1351,1,1,681,5,58,458,1351
foodcoops/foodsoft,108,Ruby,148,337,1,1,5979,13,3,2544,337
Raathigesh/retoggle,73,TypeScript,27,1384,1,1,2392,44,1783,125,1384
johnlui/JSONNeverDie,96,Swift,39,451,1,1,3526,61,2600,80,451
sergiandreplace/planets-flutter,35,Dart,104,334,1,1,2806,202,2372,15,334
linhe0x0/vuepress-theme-api,38,Vue,62,352,1,0,2562,170,861,105,352
scxwhite/hera,38,Java,95,361,1,1,2337,52,648,42,361
loli/medpy,34,Jupyter Notebook,141,598,1,1,4760,24,261,413,598
QubesOS/qubes-issues,34,,51,568,1,0,3730,7,22,195,568
ashinkarov/i3-extras,60,Shell,34,664,1,1,4427,35,417,101,664
danielkorzekwa/bayes-scala,26,Scala,39,205,1,1,4592,555,2751,443,205
sakkaras/SKSTableView,25,Objective-C,115,445,1,1,4152,223,2782,16,445
RailsApps/rails3-bootstrap-devise-cancan,64,Ruby,205,493,1,1,4782,89,1036,75,493
spatie/laravel-schemaless-attributes,44,PHP,58,1042,1,0,2572,7,102,261,1042
zisianw/FaceBoxes.PyTorch,37,Python,212,856,1,1,2325,22,163,19,856
dgmjs/dgmjs,36,TypeScript,59,1249,1,0,474,3,24,850,1249
microsoft/OpenAPI.NET,173,C#,254,1486,1,1,2870,3,3,4906,1486
sandeepmistry/arduino-nRF5,55,C,283,931,1,1,3358,20,365,282,931
open-telemetry/opentelemetry-go-contrib,46,Go,655,1414,1,0,1917,3,3,2787,1414
google-research/pix2seq,85,Jupyter Notebook,70,910,1,0,1171,15,563,35,910
seuros/capistrano-sidekiq,34,Ruby,308,559,1,1,4089,102,115,302,559
RedMadRobot/figma-export,112,Swift,120,763,1,0,1828,18,118,294,763
mapbox/node-pre-gyp,53,JavaScript,265,1138,1,1,4192,9,13,1283,1138
josegonzalez/real-aws-status,57,JavaScript,2,85,1,0,3269,980,1240,20,85
facebookarchive/react-native-applinks,34,JavaScript,28,310,1,0,3695,209,2729,8,310
larstvei/Focus,52,Emacs Lisp,15,499,1,1,3663,12,72,93,499
rverton/webanalyze,86,Go,149,1039,1,1,3664,7,543,121,1039
thoughtbot/pester,33,Ruby,17,148,1,1,3815,560,1336,295,148
scottydocs/README-template.md,45,,605,739,1,1,2038,17,1330,29,739
runmedev/runme,36,Go,56,1417,1,1,1040,3,3,721,1417
M0Rf30/android-udev-rules,69,Shell,447,1246,1,1,4762,7,9,546,1246
alekseyn/EasyTableView,53,Objective-C,152,583,1,1,5314,56,1096,90,583
archnotes/gitbook,11,,70,193,1,1,3003,152,2748,91,193
emicklei/hopwatch,34,Go,19,262,1,1,4549,60,395,87,262
sketchpunk/FunWithWebGL2,42,JavaScript,141,685,1,1,3047,18,1855,246,685
wormholes-org/wormholes,66,Go,113,340,1,1,1058,32,666,926,340
ericchiang/k8s,29,Go,107,601,1,1,3100,60,1653,149,601
Link-AGI/AutoAgents,96,Python,161,1360,1,1,641,5,401,104,1360
EspressifApp/EsptouchForAndroid,200,Java,464,1051,1,1,3684,7,37,96,1051
enygma/expose,62,PHP,55,265,1,1,4389,159,1739,235,265
wting/rust.vim,60,VimL,17,286,0,0,4505,502,3300,119,286
yenche123/podcast-together,15,TypeScript,42,502,0,0,1026,13,409,207,502
brunogaspar/laravel-starter-kit,0,PHP,177,523,0,0,4493,238,3407,3945,523
nicklockwood/RequestUtils,121,Objective-C,30,142,1,1,4636,488,3189,33,142
TheHackerDev/race-the-web,122,Go,70,613,1,1,3235,10,1162,104,613
oslabs-beta/SMEE,0,JavaScript,3,154,1,1,1955,670,869,50,154
asantibanez/Patio,64,Java,18,106,1,1,3857,649,3572,21,106
HipByte/RubyMotionSamples,57,Ruby,339,1207,1,1,4767,89,1485,240,1207
devlive-community/dbm,125,TypeScript,54,400,1,0,1465,28,479,722,400
jselbie/stunserver,342,C++,357,1504,1,1,5034,6,327,137,1504
hammerjs/jquery.hammer.js,27,JavaScript,302,385,1,1,4221,59,1849,61,385
pyca/pyopenssl,43,Python,421,910,1,0,4151,5,5,2341,910
OpenAstroTech/OpenAstroTracker,30,OpenSCAD,125,1006,1,1,1923,9,90,729,1006
SebastienMichoy/MSSlidingPanelController,83,Objective-C,45,268,1,0,4153,125,2797,33,268
nchah/freebase-triples,67,Shell,39,199,1,1,3272,106,2229,195,199
Misaka-Mikoto-Tech/MonoHook,133,C#,189,1000,1,1,2525,4,609,104,1000
bennyguitar/News-YC---iPhone,84,Swift,151,823,1,1,4404,20,3579,200,823
oikomi/FishChatServer,48,Go,259,865,1,1,3814,11,3107,161,865
okfn-brasil/querido-diario,116,Python,418,1177,1,0,2609,3,8,1858,1177
nghialv/Hakuba,51,Swift,38,472,1,1,3782,167,2423,207,472
ropensci-archive/rtweet,64,R,198,787,1,0,3223,17,194,1956,787
dbalatero/VimMode.spoon,39,Lua,32,718,1,1,2529,16,772,274,718
gecube/opencaesar3,33,C++,33,139,1,1,4457,622,2957,925,139
eliihen/wsta,41,Rust,17,631,1,1,3307,36,2390,162,631
sourcegraph/go-langserver,107,Go,89,1165,1,0,3145,64,1032,502,1165
pengwei1024/JsBridge,94,Java,89,643,1,1,3551,14,2013,98,643
bigbluebutton/docker,30,Shell,255,394,1,1,2764,23,23,600,394
claabs/epicgames-freegames-node,225,TypeScript,103,1602,1,0,1920,4,55,590,1602
thedev-id/thedev.id,35,HTML,742,1285,1,0,1781,5,120,663,1285
zhengcx/ShadowHelper,74,Java,39,325,1,1,2577,210,1446,8,325
paldepind/synceddb,100,JavaScript,34,421,1,1,3812,6,2640,228,421
phil-bergmann/tracking_wo_bnw,96,Python,195,829,1,1,2340,23,832,308,829
the-full-stack/fsdl-text-recognizer-project,53,Jupyter Notebook,428,1210,1,0,2278,16,1074,70,1210
idevelop/ascii-camera,87,JavaScript,237,1378,1,1,4480,18,1553,47,1378
seashell/drago,94,Go,58,1117,1,1,1961,9,588,409,1117
diepm/vim-rest-console,23,Vim script,55,682,1,1,3649,15,449,104,682
Akryum/vue-progress-path,47,Vue,38,424,1,0,2799,50,898,16,424
alexanderdickson/waitForImages,79,JavaScript,183,1300,1,1,5220,23,1089,135,1300
DemocracyEarth/wallet,34,JavaScript,281,1504,1,1,3438,28,811,3829,1504
azat-co/hackhall,122,JavaScript,40,151,1,1,4292,301,2867,108,151
stkent/PolygonDrawingUtil,80,Java,96,823,1,0,2959,275,2097,39,823
aws-amplify/aws-sdk-android,60,Java,550,1042,1,0,3971,7,74,1523,1042
Spomky-Labs/otphp,123,PHP,159,1384,1,0,4233,8,116,395,1384
email-spec/email-spec,115,Ruby,171,1195,1,1,6008,19,304,631,1195
bprodoehl/docker-turnserver,55,Shell,43,112,1,1,3969,691,2715,21,112
imbryk/LoopingViewPager,58,Java,238,991,1,1,4267,6,2238,12,991
MorganZhang100/zhihu-spider,26,Python,340,724,1,1,3743,53,491,11,724
TypiCMS/Base,36,PHP,415,1441,1,0,3800,5,29,2200,1441
OlivierCC/spfx-40-fantastics,213,TypeScript,278,427,1,1,3152,60,1455,213,427
aliyun/aliyun-tsdb-java-sdk,24,Java,45,64,1,1,2760,896,919,311,64
jdavisclark/JsFormat,44,Python,215,1423,1,1,5013,113,1144,179,1423
hjkcai/wepy-plugin-axios,16,JavaScript,9,106,1,1,2919,772,2601,48,106
andresavic/AmongKey,52,Swift,21,130,1,1,1634,151,941,23,130
delvedor/find-my-way,24,JavaScript,140,1546,1,1,2958,4,12,478,1546
griffon/griffon,68,Java,82,349,1,0,5092,69,774,3304,349
vinijmoura/Azure-DevOps,297,PowerShell,255,883,1,1,1845,9,30,306,883
kamon-io/docker-grafana-influxdb,65,Shell,83,172,1,1,3913,743,2160,47,172
gtxaspec/wz_mini_hacks,42,Shell,126,1420,1,1,1150,8,219,592,1420
mpdairy/posh,96,Clojure,46,460,1,1,3473,385,1651,188,460
magic-test/magic-test-laravel,0,PHP,23,457,1,1,1543,34,450,191,457
MakeAWishFoundation/SwiftyMocky,177,Swift,117,1063,1,1,2834,29,263,483,1063
rust-lang-cn/book-cn,77,Rust,151,916,1,1,3007,4,182,1558,916
hashicorp/terraform-aws-vault,73,HCL,459,661,1,1,2810,16,848,598,661
rexxars/sql-to-graphql,59,JavaScript,73,592,1,1,3603,224,2324,109,592
thinkswell/javascript-mini-projects,55,JavaScript,908,1357,1,1,1689,8,169,1995,1357
hookdeck/outpost,67,Go,10,556,1,0,274,3,3,564,556
BooheeFE/weekly,37,,40,763,1,1,2543,10,2219,76,763
prisma/prisma-client-js,68,TypeScript,64,1465,1,0,2205,76,1590,1477,1465
foolishchow/element-tree-grid,38,TypeScript,61,226,1,1,2991,63,898,59,226
Feh/nocache,24,C,54,565,1,1,4856,43,346,125,565
discord/embedded-app-sdk,105,TypeScript,188,1324,1,0,541,4,31,232,1324
odan/learn-php,27,HTML,219,1150,1,1,2973,8,165,219,1150
dlyt/react-koa-login,58,JavaScript,37,112,1,1,2971,745,2841,26,112
poboke/ActivatePowerMode,82,Objective-C,105,706,1,1,3460,90,3118,32,706
google/budou,104,Python,55,1174,1,1,3182,12,774,249,1174
thesadru/genshin.py,67,Python,74,412,1,1,1336,8,8,612,412
zonak/grunt-ftp-deploy,39,JavaScript,57,469,1,0,4595,65,1867,73,469
ldx/python-iptables,28,Python,185,742,1,1,5320,18,46,595,742
joshwcomeau/waveforms,79,JavaScript,56,1453,1,1,2741,23,2647,262,1453
gorilla-devs/ferium,121,Rust,59,1255,1,0,1357,5,8,363,1255
marvelapp/FancyTabBar,45,Objective-C,134,1474,1,1,3915,24,2777,22,1474
thelastoutpostworkshop/gpio_viewer,64,C++,126,1213,1,0,533,3,19,507,1213
hhannine/superpaper,49,Python,49,1234,1,1,2274,5,56,356,1234
fastify/fastify-dx,8,JavaScript,42,898,1,1,1197,60,546,380,898
pytest-dev/pytest-xdist,74,Python,234,1603,1,1,3551,2,3,1306,1603
LGUG2Z/whkd,34,Rust,21,670,1,1,853,4,5,54,670
Tinywan/lua-nginx-redis,42,Lua,377,1099,1,1,3012,9,1305,471,1099
Miserlou/lambda-packages,79,Shell,161,733,1,1,3364,28,1858,189,733
pmndrs/react-use-measure,32,TypeScript,31,907,1,1,2030,8,112,116,907
company-ui/company-ui,20,TypeScript,2,145,1,1,657,99,3,1437,145
inverse-inc/packetfence,432,Perl,301,1477,1,0,4830,4,6,46969,1477
daslaf/react-clean-architecture,0,TypeScript,42,223,1,1,1330,68,932,4,223
stashed/stash,46,Go,84,1363,1,0,3006,8,8,1281,1363
andris9/jStorage,69,JavaScript,266,1534,1,0,5543,41,1832,147,1534
pugjs/react-jade,15,JavaScript,42,553,0,0,4023,90,2911,112,553
codemybrainsout/ahoy-onboarding,27,Java,175,982,1,1,3175,38,2046,38,982
dirs-dev/dirs-rs,42,Rust,46,730,1,0,2578,12,130,63,730
wl9739/BlurredView,52,Java,159,1009,1,1,3231,28,3193,19,1009
fatihak/InkyPi,110,Python,134,1408,1,0,187,3,9,39,1408
Pawdroid/shadowrocket_for_android,88,,77,1351,0,1,1239,4,192,12,1351
zhmiao/OpenCompoundDomainAdaptation-OCDA,77,Python,15,139,1,1,1881,504,1342,23,139
Mapaler/FastCopy-M,40,C++,159,802,1,0,3820,4,1859,214,802
xcodebuild/fcitx-remote-for-osx,66,Objective-C,24,199,1,1,3490,181,676,70,199
yesmeck/mini-store,42,TypeScript,13,100,1,1,2771,635,1239,52,100
PHPAuth/PHPAuth,85,PHP,312,886,1,1,4135,11,44,806,886
mCyp/Orient-Ui,35,Java,125,889,1,1,2115,8,1581,75,889
BedrockStreaming/StatsdBundle,69,PHP,27,55,1,1,4299,1170,532,213,55
xuyisheng/AccessibilityUtil,26,Java,145,463,1,1,3086,62,3086,2,463
u14app/gemini-next-chat,105,TypeScript,561,1435,1,0,513,4,34,233,1435
philipshurpik/react-native-animated-tabs,56,JavaScript,13,97,1,1,3442,665,2761,34,97
syzer/JS-Spark,63,JavaScript,14,190,1,1,3955,423,2740,181,190
killergerbah/asbplayer,76,TypeScript,96,796,1,1,1644,4,4,1753,796
marteinn/The-Big-Username-Blocklist,106,Python,47,634,1,1,3563,18,1317,156,634
LeLe86/vWeChatCrawl,0,Python,150,562,1,1,2127,14,382,42,562
paparazzi/paparazzi,132,C,1159,1600,1,0,5308,1,1,16494,1600
ashea-code/BLUI,27,C++,267,865,1,1,3851,15,2711,203,865
ErikvdVen/php-gif,47,PHP,62,901,1,1,3444,157,493,108,901
EurekaLabsAI/ngram,25,C,100,1420,1,0,317,12,291,11,1420
bufferapp/MultiActionSwipeHelper,80,Java,11,295,1,1,2395,64,1795,9,295
PyCQA/autoflake,67,Python,82,931,1,0,4530,7,14,668,931
NexClipper/NexClipper,63,Go,72,565,1,1,2520,90,749,397,565
openUmbrella/react-native-root-tips,60,JavaScript,16,91,1,1,2725,597,847,30,91
mikrofusion/gulp-obfuscate,59,JavaScript,39,367,1,1,4057,273,2834,56,367
cvg/pixel-perfect-sfm,103,C++,148,1399,1,0,1374,3,296,42,1399
memoize-immutable/memoize-immutable,115,JavaScript,4,115,1,1,3296,643,2731,29,115
liferay/alloy-ui,165,JavaScript,667,1537,1,1,5085,42,1295,5396,1537
vmagamedov/grpclib,43,Python,92,958,1,0,3041,14,18,452,958
lucek/avatarly,0,Ruby,23,163,1,1,4100,283,1291,90,163
renever/cn_mooc_dl,22,Python,192,520,1,1,3818,40,2958,23,520
ustbhuangyi/picker,34,JavaScript,279,868,1,1,3381,32,2963,82,868
facebookarchive/connect-js,21,JavaScript,175,1228,0,0,5684,25,4026,407,1228
ethanhe42/TOEFL-10000-0,10,,100,319,1,1,3316,172,1184,14,319
atomicobject/heatshrink,55,C,198,1411,1,1,4454,5,369,116,1411
esmini/esmini,27,C++,232,841,1,1,2212,7,3,3391,841
vuedx/languagetools,48,TypeScript,31,1264,1,0,1888,10,164,415,1264
azat-co/you-dont-know-node,22,Python,165,1540,1,1,3516,10,2369,92,1540
tomialagbe/flutter_ui_challenges,21,Dart,286,1516,1,1,2642,13,2016,70,1516
Colt/webpack-demo-app,86,JavaScript,918,1036,1,1,2270,10,673,12,1036
digital-standard/ThreeDPoseUnityBarracuda,50,C#,278,1483,1,1,1927,5,1221,67,1483
johnmai-dev/ChatMLX,111,Swift,60,784,1,1,443,6,71,85,784
codeigniter-id/awesome-codeigniter,132,,322,793,1,1,3511,23,507,93,793
metachris/logzero,48,Python,74,1024,1,0,2901,43,907,227,1024
konvajs/vue-konva,80,TypeScript,136,1240,1,1,2753,10,31,198,1240
acorncache/acorn-cache,37,Ruby,8,100,1,1,3387,1140,2957,137,100
fluttercommunity/redux.dart,14,Dart,58,520,1,1,3293,86,805,111,520
libnice/libnice,273,C,210,592,0,0,3620,9,21,3060,592
FabianTerhorst/Isometric,37,Java,129,1129,1,1,2971,53,2225,81,1129
snape/RVO2-CS,43,C#,130,760,0,0,3496,8,384,34,760
CodeTengu/JokeKappa,51,Python,16,181,1,0,2959,178,1003,55,181
wix/import-cost,80,JavaScript,70,1366,1,1,2869,17,425,346,1366
ElMassimo/vite_ruby,62,Ruby,127,1444,1,0,1585,3,39,701,1444
larsmans/seqlearn,36,Python,101,694,1,1,4313,45,791,89,694
Tropix126/fluent-svelte,72,Svelte,27,637,1,1,1448,16,676,353,637
prometheusresearch-archive/react-stylesheet,51,JavaScript,10,148,1,1,3549,890,2641,194,148
HomHomLin/Android-DivergeView,11,Java,60,289,1,1,3343,331,2957,16,289
rprichard/CxxCodeBrowser,39,C++,76,430,1,1,4554,20,1302,413,430
miziomon/awesome-wordpress,116,HTML,202,1432,1,1,3971,10,323,137,1432
fitzhavey/vue-json-tree-view,37,Vue,80,478,1,0,3017,31,97,138,478
supermedium/superframe,51,JavaScript,428,1393,1,1,3277,6,156,801,1393
scottschiller/Snowstorm,114,JavaScript,144,550,1,1,5383,29,1233,56,550
beamspirit/bigwig,41,Erlang,75,244,1,1,5065,162,4770,194,244
laktek/punch,43,JavaScript,107,1171,1,1,4812,80,2767,470,1171
miracle2k/flask-assets,28,Python,97,457,1,1,5404,51,524,284,457
thunlp/OpenDelta,69,Python,83,1027,1,1,1194,17,246,160,1027
gorilla-llm/gorilla-cli,17,Python,75,1339,1,0,703,5,358,15,1339
sraoss/pg_ivm,75,C,37,1156,1,1,1156,3,15,136,1156
KranX/Vangers,78,C++,94,697,1,1,4070,9,129,728,697
element-plus/element-plus-vite-starter,42,Vue,406,1273,1,1,1669,4,161,62,1273
mwajeeh/AnimationsPlayground,56,Java,112,679,1,1,2950,145,2888,10,679
klen/pylama,27,Python,100,1051,1,1,4662,22,336,700,1051
iden3/circom,24,WebAssembly,317,1465,1,1,1320,4,45,972,1465
aas-n/spraykatz,81,Python,121,766,1,0,2082,22,1798,62,766
openglredbook/examples,32,C,515,1198,1,1,3234,17,564,5,1198
PokeAPI/sprites,42,Shell,281,1225,1,1,3204,4,44,213,1225
Suprcode/Crystal,48,C#,766,1345,1,1,3723,4,32,2055,1345
gouline/android-samples,37,Java,101,259,0,0,4227,84,3154,42,259
DawnFz/Genshin.Launcher.Plus,159,C#,53,802,1,1,1276,31,584,113,802
apache/httpcomponents-client,27,Java,980,1489,0,0,5846,4,4,3773,1489
sbtourist/nimrod,30,Clojure,2,154,1,1,5115,685,4414,258,154
theSoenke/ProceduralTerrain,44,C#,43,379,1,1,3102,40,1829,5,379
HiveNexus/HiveChat,170,TypeScript,158,991,1,1,93,4,4,160,991
zju3dv/AutoRecon,92,Python,16,358,1,1,738,49,94,1392,358
ArthurHub/HTML-Renderer,182,C#,533,1306,1,1,4267,3,436,444,1306
fox-it/dissect.cstruct_legacy,57,Python,24,241,1,1,2395,36,1044,7,241
mawise/bookshelf,32,Ruby,6,406,1,1,283,11,279,11,406
asciinema/asciicast2gif,62,CSS,82,1207,1,1,2948,61,1013,116,1207
aws-cloudformation/cloudformation-coverage-roadmap,46,,61,1123,1,0,2129,3,402,18,1123
stripe-archive/sequins,51,Go,16,175,1,0,3837,267,679,541,175
mlmorg/react-hyperscript,38,JavaScript,44,710,1,1,3877,117,1239,65,710
ucoker/finalspeed,30,Shell,104,172,1,1,3182,272,3178,8,172
maitraysuthar/rest-api-nodejs-mongodb,74,JavaScript,419,1192,1,1,2131,15,745,42,1192
portacle/portacle,46,Shell,62,745,1,1,3308,11,322,527,745
linkedin/oncall,173,Python,234,1189,1,0,2942,14,38,376,1189
poetaman/arttime,146,Shell,17,1087,1,1,1099,4,120,509,1087
heysupratim/material-daterange-picker,70,Java,265,1327,1,1,3539,20,1836,106,1327
driftphp/demo,17,CSS,11,133,1,1,2009,581,841,49,133
ctxis/CAPE,44,Python,152,757,1,1,3171,7,181,1814,757
RisingStack/node-style-guide,80,,140,988,1,1,3991,49,2044,35,988
meh/ruby-tesseract-ocr,48,Ruby,73,631,1,1,4926,92,2882,99,631
kofigyan/StateProgressBar,79,Java,235,1601,1,1,3201,2,1406,112,1601
zhengjingwei/machine-learning-interview,15,,201,1513,1,1,2237,4,2065,26,1513
richeterre/SwiftGoal,32,Swift,36,301,1,0,3590,216,2915,178,301
boredream/BorePlugin,38,Java,128,526,1,1,3445,157,1799,56,526
Kong/guardian,40,JavaScript,36,640,1,1,4434,37,423,126,640
james-proxy/james,31,JavaScript,124,1429,1,1,3620,44,1450,982,1429
autonomousvision/giraffe,138,Python,156,1243,1,1,1519,49,1199,8,1243
sazzer/graphql-tester,71,JavaScript,17,91,1,1,3398,713,2857,37,91
DarthFennec/highlight-indent-guides,41,Emacs Lisp,29,610,1,1,3515,15,30,65,610
bitpay/bitcore-lib,46,JavaScript,1027,619,1,0,3507,25,1345,3065,619
gpgpu-sim/gpgpu-sim_distribution,297,C++,553,1330,1,1,3939,4,96,2345,1330
blobject/agave,36,Tcl,14,862,1,1,3487,4,695,77,862
tumashu/cnfonts,49,Emacs Lisp,59,709,1,1,3806,13,183,467,709
iamshaunjp/modern-javascript,79,,1217,1306,1,1,2297,8,632,5,1306
problame/CSNotificationView,57,Objective-C,145,898,1,1,4264,61,2452,113,898
dbr/tvnamer,74,Python,115,925,1,1,5790,14,1461,746,925
igeek-YZ/HFRecycleView,48,Java,18,67,1,1,3245,907,2959,31,67
shaogezhu/easy-rpc,115,Java,36,439,1,1,820,7,773,26,439
enarx/enarx,46,Rust,151,1354,1,1,2087,8,53,2562,1354
MetaMask/eth-sig-util,76,TypeScript,232,586,1,0,3013,35,33,315,586
phinajs/phina.js,24,JavaScript,51,307,1,1,3613,130,625,1220,307
decodingml/second-brain-ai-assistant-course,116,Jupyter Notebook,190,1201,1,0,143,3,4,238,1201
zkcrypto/bellman,17,Rust,559,1075,1,1,3438,11,311,357,1075
yamalight/microwork,90,JavaScript,9,97,1,1,3397,803,2425,80,97
Jungwoo-An/react-editor-js,47,TypeScript,78,973,1,1,2241,8,504,117,973
BrightcoveOS/Diamond,0,,382,1171,1,1,5088,21,2989,2447,1171
Netflix/denominator,46,Java,110,580,1,1,4501,62,774,694,580
glouw/openempire,84,C,24,535,1,1,2202,67,1776,886,535
Element-0/ElementZero,52,C++,51,271,1,1,1933,185,1632,691,271
SamiPerttu/fundsp,42,Rust,49,922,1,1,1649,6,185,649,922
MindorksOpenSource/Dagger-Hilt-Tutorial,72,Kotlin,86,493,1,1,1803,6,692,6,493
kgretzky/evilginx,61,Python,269,1162,1,1,2973,4,1202,35,1162
Barabama/FreeNodes,22,Python,148,1048,1,0,663,3,3,1787,1048
xmuSistone/VerticalSlideFragment,82,Java,306,1606,1,1,3552,20,2964,18,1606
Kelin2025/vue-timers,40,JavaScript,17,232,1,1,2729,100,870,106,232
leiyun1993/TouYin_DemoClient,17,Java,40,217,1,1,2711,98,1952,14,217
KumarRobotics/ublox,22,C++,402,490,1,1,3987,8,8,286,490
ksachdeva/angular-swiper,41,HTML,92,196,1,1,3714,162,2241,61,196
AmazaspShumik/sklearn-bayes,66,Jupyter Notebook,119,517,1,1,3585,91,1338,550,517
8090shuo/suning_seckill,13,,78,355,0,1,1603,99,1603,2,355
openshift/installer,32,Go,1420,1474,1,0,2540,4,3,17635,1474
VaughnVernon/IDDD_Samples_NET,153,C#,250,934,1,1,4408,16,975,68,934
cloudhead/toto,37,Ruby,243,1492,1,1,5686,18,3483,201,1492
msoap/shell2http,40,Go,139,1405,1,1,3725,4,143,411,1405
kubernetes-retired/multi-tenancy,67,Go,172,955,1,1,2269,14,742,2300,955
devangshekhawat/Fedora-42-Post-Install-Guide,39,,101,1231,1,1,1293,3,5,194,1231
formulahendry/944.Life,39,,45,1123,1,1,2231,4,1020,5,1123
revng/revng-c,0,C++,31,427,1,0,451,18,164,2176,427
imagemin/imagemin-webp,24,JavaScript,43,502,1,0,3912,56,693,80,502
aplyc1a/blogs,12,,148,790,1,1,1563,5,1049,30,790
dwyl/learn-travis,87,JavaScript,346,1243,1,0,4235,7,1156,144,1243
Yubico/pam-u2f,55,C,86,580,1,0,3816,24,57,679,580
isl-org/PhotorealismEnhancement,50,Python,111,1321,1,1,1473,7,262,19,1321
fool2fish/the-c-programming-language-exercise-answers,63,C,87,328,1,1,4218,38,426,114,328
abcminiuser/lufa,46,C,333,1078,1,0,4716,3,299,2747,1078
ajv-validator/ajv-errors,55,TypeScript,18,289,1,1,3001,68,591,99,289
BelinChung/weapp-hiapp,12,Vue,81,238,1,1,3161,93,2047,43,238
ing-bank/scruid,126,Scala,28,115,1,1,2880,640,1419,252,115
foraker/ember-reading-group,54,,11,175,1,1,3805,539,3482,45,175
cnodejs/egg-cnode,15,JavaScript,276,1468,1,0,2640,42,248,103,1468
penghcheng/hyperf-admin,39,PHP,45,277,1,1,2041,179,1721,151,277
firmai/data-science-career,102,,151,967,1,1,2100,7,279,47,967
marcolago/flowtime.js,61,JavaScript,236,1339,1,1,4541,27,340,272,1339
Frrrrrrrrank/auto_job__find__chatgpt__rpa,153,Python,214,1522,1,1,507,3,226,32,1522
futurepress/react-native-static-server,40,Java,192,373,1,1,3018,35,730,81,373
fengyuanchen/datepicker,72,JavaScript,536,1165,1,1,4119,49,1159,296,1165
Boxue/episode-samples,11,Swift,79,127,1,1,3534,773,2970,101,127
aidansteele/osx-abi-macho-file-format-reference,47,,163,835,1,1,3139,14,222,17,835
nvimdev/galaxyline.nvim,40,Lua,119,889,1,1,1681,6,302,233,889
om-ai-lab/OmDet,66,Python,110,1318,1,1,437,9,156,32,1318
mattt/TTTLocalizedPluralString,39,Objective-C,44,370,1,1,4916,80,2618,63,370
karpathy/lecun1989-repro,194,Jupyter Notebook,71,634,1,0,1169,4,474,18,634
flatiron/plates,78,JavaScript,69,832,1,1,4968,97,2028,212,832
mydraft-cc/ui,68,TypeScript,120,748,1,0,2650,4,5,431,748
bbatsov/powerpack,47,Ruby,20,274,1,1,4333,61,454,121,274
chaseSpace/learn_blockchain,0,Solidity,65,385,1,1,938,25,780,302,385
Shougo/vimshell.vim,42,Vim Script,84,1090,1,1,5971,19,104,1765,1090
shvets/google-translate,31,Ruby,27,163,1,1,5947,318,2861,82,163
Garvit244/Leetcode,31,Python,630,1459,1,1,2574,8,834,119,1459
microsoft/Mobius,57,C#,211,940,1,1,3495,56,478,1083,940
markusenglund/react-switch,69,JavaScript,99,1342,1,1,2806,11,159,431,1342
banto6/haier,23,Python,149,844,1,1,719,4,52,125,844
mattmassicotte/ConcurrencyRecipes,54,Swift,42,1258,1,0,535,3,49,73,1258
omphalos/earhorn,25,HTML,10,295,1,1,4246,242,2496,195,295
daveearley/screenshot.rocks,58,TypeScript,64,754,1,0,1790,7,57,132,754
pote/gvp,22,Shell,28,268,1,1,4128,80,3515,98,268
glample/rnn-benchmarks,77,Python,47,169,1,1,3356,659,2182,30,169
rainglow/vscode,41,Shell,53,1309,1,1,2732,6,1372,45,1309
websiddu/sketch-material,121,JavaScript,80,850,1,1,2867,148,902,21,850
ldqk/Masuit.MyBlogs,71,C#,297,1111,1,1,2505,10,29,1224,1111
mbailey/bash-my-aws,80,Shell,231,970,1,0,3788,4,43,1088,970
mjphaynes/php-resque,130,PHP,50,223,1,1,4243,101,289,168,223
meetfranz/plugins,32,,110,298,1,1,2775,219,1288,53,298
superorbital/golangcookbook.github.io,15,CSS,63,415,1,0,3737,106,289,76,415
wieslawsoltes/ChatGPT,106,C#,222,1462,1,0,899,5,143,772,1462
wileewang/TransPixeler,8,Python,66,856,1,0,150,5,9,41,856
webpack-contrib/install-webpack-plugin,84,JavaScript,75,1432,1,0,3462,6,808,372,1432
ssbc/ssb-db,107,JavaScript,75,1177,1,0,4030,9,314,1244,1177
tusen-ai/LiDAR_RCNN,58,Python,59,337,1,1,1516,22,1012,18,337
PacktPublishing/Computer-Vision-with-Python-3,49,Python,58,61,1,1,2829,661,935,18,61
django-haystack/pysolr,27,Python,341,673,1,1,5804,12,15,607,673
tranbathanhtung/react-fiber-implement,25,JavaScript,36,577,1,1,2372,52,2306,11,577
blst-security/cherrybomb,176,Rust,83,1183,1,1,1283,5,210,520,1183
Wildhoney/ngVideo,67,JavaScript,57,226,1,1,4242,184,3062,163,226
mist64/geos,52,Assembly,65,436,1,1,3198,31,413,151,436
linyiLYi/voice-assistant,83,Python,210,1312,1,1,530,5,387,22,1312
AlessandroFC15/Fuck-Youtube,97,JavaScript,40,256,1,1,3118,165,874,156,256
Qalculate/qalculate-gtk,18,C++,77,1066,1,1,3277,4,20,979,1066
justinmayer/virtualfish,56,Shell,101,1081,1,0,4709,11,176,417,1081
sniklaus/3d-ken-burns,74,Python,226,1531,1,0,2012,5,137,51,1531
primaryobjects/AI-Programmer,140,C#,264,1093,1,1,4502,6,857,213,1093
Azure/review-checklists,151,Python,349,1270,1,1,1323,4,18,2486,1270
vchinnipilli/kubestriker,52,Python,105,997,1,1,1626,6,412,39,997
thoughtbot/griddler,46,Ruby,199,1372,1,0,4591,34,314,375,1372
pdulvp/jellyfin-qnap,38,Shell,39,607,1,0,1245,4,16,157,607
alibaba/MNNKit,84,Objective-C,105,658,1,1,1962,10,1060,67,658
RMPR/atbswp,27,Python,86,730,1,1,2006,31,452,144,730
mkdocs/catalog,64,Python,89,1357,1,1,1132,5,6,386,1357
Habchy/BasicBot,64,Python,6,70,1,1,2819,940,2059,28,70
Cloudef/bemenu,57,C,96,1312,1,1,4083,4,223,612,1312
DoL-Lyra/Lyra,21,Shell,29,1090,1,1,629,5,8,295,1090
argentlabs/dappland,0,TypeScript,310,838,1,1,961,16,16,769,838
pmndrs/react-three-rapier,25,TypeScript,70,1219,1,1,1118,5,4,290,1219
medplum/medplum,100,TypeScript,477,1605,1,1,1492,0,0,4565,1605
securitybunker/databunker,49,Go,81,1300,1,1,1992,4,19,1137,1300
cnlohr/ch32fun,177,C,187,1126,1,1,825,5,6,1490,1126
slimkrazy/python-google-places,62,Python,167,511,1,1,4893,25,1667,128,511
steeve/angular-seo,33,,127,1057,1,1,4531,6,3460,27,1057
fossasia/wp-tweet-feed-plugin,0,PHP,9,1516,1,0,3266,13,3088,191,1516
gmetais/sw-delta,32,JavaScript,31,1102,1,1,3532,5,3190,26,1102
vsg-dev/VulkanSceneGraph,40,C++,232,1498,1,1,2444,4,4,6272,1498
AlexCSDev/PatreonDownloader,180,C#,101,1141,1,1,2000,3,47,134,1141
aydinnyunus/gpt4-captcha-bypass,27,Python,63,772,1,1,312,5,301,11,772
dawson-org/dawson-cli,95,JavaScript,25,712,1,0,3234,114,2444,739,712
mkckr0/audio-share,164,C++,73,1507,1,0,942,3,13,482,1507
microsoft/vscode-loc,30,,335,625,1,1,2654,3,3,1528,625
georgealways/lil-gui,111,JavaScript,54,1333,1,0,2123,4,48,960,1333
scriptify/Recordy,83,JavaScript,6,151,1,1,3124,513,513,13,151
artem-zinnatullin/RxJavaProGuardRules,41,Shell,35,715,1,1,3523,21,1704,73,715
iielse/learn-coordinatorlayout-behavior,53,Kotlin,69,574,1,1,2541,107,2541,2,574
z-9527/react-admin-master,21,JavaScript,463,1279,1,1,2525,10,920,100,1279
lklima/rn-parallax-cards,0,TypeScript,22,361,1,1,1051,92,1034,7,361
ccampbell/chromephp,56,PHP,446,1375,1,1,5387,17,865,70,1375
vincanger/coverlettergpt,138,TypeScript,140,1138,1,1,806,3,49,77,1138
ad-si/awesome-music-production,82,,85,1144,1,0,3356,7,53,139,1144
nstudio/xplat,47,TypeScript,51,373,1,1,2497,16,109,355,373
itisyang/playerdemo,35,C++,285,1078,1,1,2828,4,845,436,1078
node-inspector/v8-profiler,33,C++,134,1126,1,1,5287,6,2467,160,1126
ma6254/FictionDown,50,Go,156,820,1,0,2273,4,122,60,820
yingye/postcss-px2units,98,JavaScript,9,67,1,1,2635,777,760,25,67
MasayukiSuda/Mp4Composer-android,143,Java,221,964,1,1,2685,8,1639,194,964
fniessen/emacs-leuven-theme,194,Emacs Lisp,61,727,1,1,4553,3,5,392,727
pucamafra/android-segmentedtab,66,Java,21,79,1,1,3324,573,2867,25,79
pfefferle/openwebicons,7,HTML,109,853,1,1,4768,29,593,138,853
ncuillery/rn-diff,90,Shell,37,1063,1,1,3207,7,2225,100,1063
flosell/iam-policy-json-to-terraform,91,JavaScript,57,793,1,1,2582,5,5,397,793
yagamis/swift2basic,24,Swift,160,376,1,1,3557,66,2757,88,376
crweiner/hacktoberfest-swag-list,95,Python,538,1456,1,1,2422,18,9,1072,1456
stasm/innerself,57,JavaScript,28,778,1,1,2817,112,2462,61,778
gfranko/amdclean,58,JavaScript,37,448,1,1,4242,141,1137,234,448
deiucanta/chatpad,40,TypeScript,262,1453,1,1,797,5,344,90,1453
vpnhood/VpnHood,30,C#,166,1168,1,1,1680,4,4,3205,1168
JideGuru/FlutterTravel,47,Dart,313,1159,1,1,2152,7,645,35,1159
RainwayApp/warden,99,C#,26,347,1,1,2856,116,1577,107,347
platformio/platformio-vscode-ide,89,JavaScript,215,1294,1,0,2920,9,131,834,1294
jjhelmus/berryconda,52,Shell,60,622,1,0,3088,50,1599,1191,622
socioboard/Socioboard-5.0,111,JavaScript,384,1276,1,1,3275,4,56,371,1276
liguobao/HouseSearch,23,JavaScript,249,1366,1,1,3211,4,25,836,1366
tomnomnom/anew,57,Go,170,1519,1,1,2243,6,497,16,1519
FJ917/FJEditTextCount,24,Java,70,304,1,1,3147,204,2794,17,304
ToniRV/NeRF-SLAM,214,Python,156,1231,1,1,929,6,430,26,1231
craftworkgames/MonoGame.Extended,40,C#,335,1483,1,1,3609,6,6,1840,1483
jhump/protoreflect,53,Go,178,1405,1,1,3020,6,35,672,1405
fossasia/publiccode.asia,34,JavaScript,173,1480,1,0,2736,13,1438,1182,1480
tronkko/dirent,65,C,515,1108,1,1,3528,8,44,167,1108
Jinnrry/getAwayBSG,5,Go,117,1150,1,1,2319,23,2086,190,1150
MissZzz1/MissZzzReader,39,Java,177,445,1,1,2851,47,1179,148,445
luniehq/lunie,30,JavaScript,97,280,1,1,2845,159,808,13259,280
mvertes/docker-alpine-mongo,50,Shell,81,190,1,1,3464,91,1455,46,190
GradienceTeam/Gradience,37,Python,53,1294,1,1,1040,4,303,4401,1294
jamielhf/vue,0,HTML,316,409,1,1,3143,245,723,106,409
loki79uk/FS25_UniversalAutoload,51,Lua,41,589,1,1,189,4,4,196,589
merico-dev/build,130,,27,496,1,1,1464,96,1423,40,496
crashlytics/cannonball-android,132,Java,142,301,0,0,3866,271,2522,45,301
honze-net/nmap-bootstrap-xsl,41,HTML,178,946,1,1,2455,4,557,35,946
jolestar/go-commons-pool,32,Go,151,1237,1,1,3433,7,723,181,1237
Henry1iu/TNT-Trajectory-Prediction,79,Python,105,556,1,1,1597,4,571,160,556
akveo/react-native-reddit-reader,12,JavaScript,54,355,1,1,3493,26,2677,31,355
emcf/thepipe,73,Python,79,1261,1,0,427,4,7,336,1261
TheAlphamerc/flutter_login_signup,49,Dart,300,664,1,1,1941,23,1315,18,664
chronark/chronark.com,0,MDX,431,760,1,1,818,6,278,55,760
metosin/compojure-api,39,Clojure,150,1120,1,1,4154,10,199,1997,1120
apollographql/apollo-cache-persist,57,TypeScript,116,1402,1,0,2729,6,4,459,1402
cundong/HeaderAndFooterRecyclerView,60,Java,321,1372,1,1,3493,60,2704,33,1372
usds/playbook,29,SCSS,363,1477,1,0,3943,3,312,282,1477
Err0r-ICA/TermuxCyberArmy,0,Shell,71,1225,1,1,1867,6,221,47,1225
Kilian/Trimage,55,Python,55,721,1,0,5540,21,1534,286,721
getsling/GVUserDefaults,37,Objective-C,91,953,1,1,4538,9,2954,49,953
zhan2046/ViewHolder-Slide-Helper,29,Kotlin,27,169,1,1,3248,685,2009,31,169
brandonweiss/discharge,61,JavaScript,19,652,1,0,2817,11,1504,384,652
NVIDIA/jetson-gpio,55,Python,262,976,1,0,2248,8,104,169,976
fossasia/badgemagic-hardware,26,,6,1510,1,0,3243,11,46,26,1510
JJTech0130/TrollRestore,33,Python,80,1093,1,1,263,4,206,26,1093
OmerTu/GoogleHomeKodi,40,JavaScript,167,529,1,1,2936,4,76,292,529
earthstar-project/earthstar,61,TypeScript,25,883,1,1,1825,8,41,1324,883
saleor/storefront,101,TypeScript,667,1180,0,0,1371,3,35,877,1180
falvaro/seshat,34,C++,165,685,1,1,4055,16,1749,11,685
jlmd/UpcomingMoviesMVP,87,Java,99,514,1,1,3772,20,3530,34,514
dustinkirkland/byobu,69,Shell,127,1348,1,1,4510,4,54,2957,1348
bleenco/abstruse,82,Go,102,949,1,1,2992,21,477,1620,949
Samourai-Wallet/samourai-wallet-android,82,Java,242,643,1,1,3341,23,1264,3167,643
gh-kL/cocoscreator-list,59,TypeScript,318,799,1,1,2179,5,1211,90,799
facebookarchive/nifty,15,Java,313,895,1,1,4759,83,2563,315,895
Abdelrhman-AK/WinPaletter,34,C#,60,1459,1,1,1161,3,392,1289,1459
Hexeption/MCP-Reborn,117,,155,1213,1,1,2413,3,32,74,1213
lmb-freiburg/flownet2,68,C++,317,1015,1,0,2950,4,2124,25,1015
bndkt/react-native-widget-extension,53,TypeScript,42,523,1,1,815,35,162,80,523
zhaoyang21cn/suixinbo_doc,0,,27,58,1,1,3216,686,2586,283,58
tinycthread/tinycthread,53,C,127,973,1,1,4224,7,509,68,973
c9s/Pux,65,C,81,1267,1,1,4157,113,787,935,1267
LunarLogic/starability,52,CSS,196,1375,1,1,3293,5,815,65,1375
paul-hammant/tbd,36,CSS,146,514,1,0,3062,20,20,901,514
codrops/HoverEffectIdeas,59,CSS,311,1604,1,1,3991,31,584,10,1604
wenxinxu/resnet-in-tensorflow,92,Python,276,829,1,1,3147,11,2219,60,829
quickfixgo/quickfix,36,Go,311,784,1,1,4450,6,6,1049,784
leon196/CurveModifier,60,C#,39,367,1,1,3271,137,2649,17,367
leventov/Koloboke,67,Java,140,1015,1,1,4208,21,3033,337,1015
nottombrown/rl-teacher,103,Python,95,562,1,1,2897,38,849,58,562
jterrace/js.js,42,JavaScript,59,1081,1,1,4984,7,1188,158,1081
lelylan/lelylan,94,,90,1528,1,1,4683,53,2994,75,1528
mokey1422/GBEncodeTool,15,Objective-C,29,118,1,1,3424,969,2253,26,118
Azure/CCOInsights,290,Mathematica,216,733,1,1,2410,7,16,132,733
s0md3v/uro,44,Python,162,1360,1,1,1362,3,89,43,1360
allenhsu/UIScrollView-Examples,35,Objective-C,254,679,1,1,3840,223,2782,10,679
WeTransfer/Diagnostics,98,Swift,58,994,1,1,1999,5,162,283,994
sdemyanov/ConvNet,195,C++,140,238,1,1,4188,73,3161,165,238
openresty/openresty.org,40,HTML,291,1273,1,1,5085,6,26,1238,1273
t3l3machus/psudohash,66,Python,164,1303,1,1,1058,8,286,53,1303
mikinty/Trading-Interview-Questions,62,JavaScript,81,700,1,1,2049,6,215,100,700
michaelbukachi/django-vuejs-tutorial,42,Python,53,244,1,1,2900,131,875,64,244
BigNerd95/Chimay-Red,54,Python,217,658,1,1,2933,11,975,83,658
Unity-Technologies/NativeRenderingPlugin,38,C,176,880,1,0,2089,5,15,147,880
Working-Title-MSFS-Mods/fspackages,25,JavaScript,107,1141,1,1,1723,21,836,2803,1141
addyosmani/sublime-fixmyjs,31,Python,11,250,1,1,3892,710,3373,35,250
latchset/clevis,30,Shell,107,1030,1,1,3457,5,70,369,1030
ZachSaucier/Disintegrate,72,JavaScript,46,322,1,1,2541,69,89,22,322
mozilla-mobile/focus-ios,146,Swift,258,1255,1,1,3482,47,444,2011,1255
75lb/renamer,21,JavaScript,30,550,1,1,4541,32,168,347,550
seek-oss/serverless-haskell,60,Haskell,22,217,1,0,2713,154,501,623,217
haoheliu/voicefixer,26,Python,139,1147,1,1,1355,5,94,99,1147
orta/GIFs,26,Objective-C,39,604,1,1,4506,33,1429,136,604
meitu/MTHawkeye,117,Objective-C,185,1495,1,1,2271,24,553,297,1495
featurestoreorg/serverless-ml-course,103,Jupyter Notebook,289,613,1,1,994,3,240,223,613
Freedium-cfd/web,100,Python,106,1234,1,1,641,3,93,198,1234
Squirrel/Squirrel.Server,60,Ruby,27,130,1,0,4228,257,4203,71,130
serilog/serilog-aspnetcore,36,C#,207,1354,1,0,2825,4,165,244,1354
luosheng/OpenSim,71,Swift,133,1288,1,1,3482,19,583,245,1288
MichaelYuhe/ai-group-tabs,43,TypeScript,89,994,1,1,533,8,394,226,994
charlesthomas/magpie,31,Python,50,646,1,1,4065,12,1450,203,646
qertoip/guru_watch,114,Ruby,17,166,1,1,4843,589,749,59,166
jmar777/kwicks,39,JavaScript,108,322,1,1,4617,181,2368,73,322
Tokinx/Wing,55,CSS,68,607,1,1,1127,4,163,186,607
ostafen/clover,70,Go,62,748,1,1,1210,4,100,281,748
julianomoraes/componentizationArch,0,Kotlin,39,259,1,1,2473,70,1955,32,259
Rican7/retry,91,Go,27,475,1,1,3251,21,828,118,475
membraneframework/membrane_core,81,Elixir,41,1396,1,1,3039,6,9,2481,1396
apache/apisix-ingress-controller,40,Go,353,1060,1,1,2017,11,4,974,1060
jferris/config_files,30,VimL,49,220,1,1,6098,707,4018,159,220
composer/installers,44,PHP,412,1438,1,0,4722,6,177,692,1438
lnx-search/lnx,122,Rust,47,1327,1,0,1378,5,3,669,1327
cloudworkz/kube-eagle,127,Go,46,712,1,0,2388,46,485,52,712
GuilhermeC18/node-onvif,131,JavaScript,201,460,1,1,3154,17,665,51,460
linkedin/Hakawai,34,Objective-C,104,781,1,1,3879,14,722,379,781
aresdevo/animaide,80,Python,68,751,1,1,2209,11,52,224,751
TransitApp/SVPulsingAnnotationView,59,Objective-C,121,1132,1,1,4463,121,197,85,1132
gevendra2004/gevstack,21,CSS,75,667,1,1,585,12,144,149,667
rdnetto/YCM-Generator,84,Python,126,913,1,1,3733,13,2019,125,913
kazuto1011/deeplab-pytorch,75,Python,283,1099,1,0,2759,8,951,102,1099
akshaykumar6/github-js,35,JavaScript,18,193,1,1,3729,318,2035,39,193
FrontendMasters/learning-roadmap,60,HTML,127,1033,1,1,2253,15,774,99,1033
fslongjin/This-repo-has-1426-stars,20,Python,37,1429,1,1,1074,9,983,59,1429
aryaxt/iOS-Rich-Text-Editor,26,Objective-C,156,895,1,1,4400,31,3236,83,895
you-dont-need/You-Dont-Need-Loops,74,,58,1153,1,1,2019,9,220,66,1153
caffeinated/modules,37,PHP,232,955,1,0,3893,14,805,568,955
jirengu/frontend-interview,9,,139,1291,1,1,3069,30,1807,9,1291
corymsmith/react-native-fabric,58,Objective-C,235,1309,1,1,3410,123,897,185,1309
robinhood/spark,38,Java,158,1282,1,1,3359,14,546,60,1282
mrpmorris/Fluxor,78,C#,150,1363,1,1,1895,4,64,319,1363
linuxserver/docker-qbittorrent,0,Dockerfile,184,1267,1,1,2926,3,5,648,1267
JuliaSymbolics/Symbolics.jl,66,Julia,168,1423,1,1,1582,3,6,2649,1423
Quramy/tsuquyomi,27,Vim Script,72,1387,1,1,3711,72,350,407,1387
bitfinexcom/bitfinex-api-node,67,JavaScript,212,466,1,1,3524,3,248,1008,466
xwb1989/sqlparser,28,Go,244,1528,1,1,3831,7,968,165,1528
pemami4911/POMDPy,17,Python,61,247,1,1,3730,88,2206,98,247
FlyingPumba/SimpleRatingBar,99,Java,142,1033,1,1,3219,38,1834,109,1033
pamelafox/lscache,67,JavaScript,158,1468,1,1,5335,22,1080,169,1468
SeongJaeMoon/FastCampusWebPythonBasic,29,CSS,99,757,1,1,2587,58,2202,106,757
thlorenz/brace,50,JavaScript,301,1069,1,1,4415,8,834,113,1069
arut/nginx-ts-module,25,C,91,424,1,1,2939,69,2727,53,424
fullstackproltd/AspNetCoreSpa,87,C#,470,1510,1,1,3275,5,546,732,1510
ffgiraldez/reactive-mvvm-android,64,Kotlin,78,637,1,1,3469,135,5,35,637
bloderxd/MagicButton,0,Java,44,241,1,1,3221,216,3166,38,241
and3rson/clay,61,Python,11,157,1,1,2702,489,1519,185,157
austintgriffith/burner-wallet,104,JavaScript,196,610,1,1,2400,38,549,667,610
tylerhall/Autosmush,66,PHP,23,121,1,1,5334,558,3327,11,121
NJU-PCALab/STAR,99,Python,72,1183,1,0,183,4,120,104,1183
unosquare/embedio,56,C#,178,1507,1,1,4084,6,70,862,1507
gmr/consulate,37,Python,98,343,1,1,4040,114,322,337,343
tox-dev/filelock,44,Python,115,850,1,0,4107,3,3,372,850
trigram-mrp/fractureiser,54,Java,67,1096,1,0,715,21,350,147,1096
cenkalti/rain,37,Go,76,1045,1,0,4020,13,17,2081,1045
facebookarchive/JSCaml,125,OCaml,16,454,1,1,3040,96,2962,4,454
antfu/shikiji,107,TypeScript,37,1462,1,1,651,18,481,447,1462
erikuus/yii1-playground,37,PHP,112,160,1,1,5001,1146,2549,66,160
cjwl/cocotron,12,Objective-C,106,418,1,1,3719,95,3486,2773,418
nuxt-community/universal-storage-module,38,TypeScript,14,277,1,1,2507,68,22,339,277
mirek/CoreWebSocket,88,C,31,142,1,1,5189,390,1248,31,142
Wanderson-Magalhaes/Simple_PySide_Base,0,Python,187,772,1,0,1839,9,1631,20,772
elebetsamer/bootstrap-snippets-visual-studio,61,JavaScript,93,298,1,1,3990,69,2442,77,298
sunfishcode/mustang,38,Rust,24,874,1,0,1356,5,22,559,874
gulpjs/vinyl,20,JavaScript,106,1282,1,0,4171,37,346,133,1282
helicopters/wc-messagebox,52,Vue,69,202,1,1,2967,664,2495,107,202
go-gl/gl,43,C,73,1156,1,1,3743,3,320,94,1156
itm4n/PPLdump,48,C,140,871,1,1,1506,6,1033,14,871
Patelrahul4884/Attendance-Management-system-using-face-recognition,52,Python,244,619,1,1,1863,4,111,27,619
termux/termux-root-packages,51,Shell,298,1105,1,0,2757,4,1130,672,1105
jnicklas/turnip,27,Ruby,111,976,1,1,4962,59,287,480,976
rachelandrew/cssgrid-ama,37,,12,328,1,1,3122,86,2931,10,328
yinwang0/pysonar2,74,Java,505,1411,1,1,4224,5,231,552,1411
supliu/laravel-query-monitor,54,PHP,40,286,1,1,1851,94,367,49,286
SAHX/SAHX-Admin,105,JavaScript,39,82,1,1,3194,917,2500,26,82
ahodges9/LedFx,248,Python,89,391,1,1,2517,20,672,332,391
Rogero0o/GifLoadingView,21,Java,215,1330,1,1,3311,154,2032,12,1330
githubwing/GankClient-Kotlin,83,Kotlin,342,1525,1,1,3104,38,2846,46,1525
bl4ckb0ne/delaunay-triangulation,38,C++,109,448,1,1,3489,88,1694,129,448
garycourt/murmurhash-js,68,JavaScript,72,526,1,0,5227,43,764,9,526
h46incon/AliDDNSBash,27,Shell,124,250,1,1,3292,92,1770,13,250
SenparcCoreFramework/SCF,37,JavaScript,94,262,1,1,2370,187,897,885,262
oeddyo/algorithm,41,Python,247,586,1,1,4540,50,2007,21,586
spatie/laravel-honeypot,39,PHP,105,1471,0,0,2345,4,16,369,1471
geeeeeeeek/videoproject,98,HTML,245,691,1,1,2342,9,61,120,691
ungoogled-software/ungoogled-chromium-windows,40,Python,140,1537,1,1,2253,4,6,511,1537
NativeScript/nativescript-cli,53,JavaScript,197,1039,1,0,3980,33,58,6557,1039
thisisqubika/fakeit,39,Kotlin,46,538,1,1,3044,51,1474,108,538
michaelbull/kotlin-result,73,Kotlin,71,1135,1,1,2771,6,16,429,1135
jiangsutx/SRN-Deblur,64,Python,186,739,1,1,2557,20,1355,12,739
skatkov/awesome-stimulusjs,52,,34,814,1,0,1921,44,458,80,814
nuxt-community/koa-template,40,JavaScript,61,382,1,1,3019,61,524,46,382
rbakbashev/elfcat,55,Rust,20,970,1,1,1692,3,31,221,970
szymonkaliski/cartographist,52,JavaScript,19,616,1,1,1247,6,1242,27,616
joedaniels29/10Clock,94,Swift,85,571,1,1,3185,13,1824,72,571
zzzprojects/EntityFramework-Effort,139,C#,100,433,1,0,4354,36,428,604,433
dorianbrown/rank_bm25,41,Python,94,1168,1,1,2314,3,226,58,1168
typeoneerror/GKAchievementNotification,35,Objective-C,44,187,1,1,5346,156,4075,14,187
pg-sharding/spqr,32,Go,54,1120,1,1,1372,4,4,1348,1120
nuxui/nuxui,63,Go,19,484,1,1,1119,18,919,106,484
rdeepak2002/reddit-place-script-2022,70,Python,340,904,1,1,1147,26,1144,300,904
gcanti/redux-tcomb,54,JavaScript,7,211,1,1,3550,770,3194,33,211
go-spatial/tegola,51,Go,209,1369,1,1,3289,5,28,1247,1369
vum-team/vum,52,CSS,271,1543,1,1,3272,10,2732,207,1543
sounishnath003/450-DSA-Tracker,133,TypeScript,59,202,1,1,1644,319,1044,281,202
Wscats/node-tutorial,46,JavaScript,93,571,1,1,3212,15,391,127,571
ahume/selector-queries,55,JavaScript,17,247,1,1,5061,389,3880,34,247
Cr4sh/openreil,109,C,76,508,0,1,3721,33,1482,162,508
cadenji/foolrenderer,116,C,76,1102,1,0,1334,4,1027,125,1102
solcloud/Counter-Strike,49,PHP,39,925,1,0,1010,7,10,342,925
synctv-org/synctv,52,Go,132,1492,1,0,597,3,15,832,1492
Kitware/ParaView,53,C++,438,1426,0,0,5501,4,4,84159,1426
OLIMEX/OLINUXINO,134,C,769,1390,1,1,4823,4,23,497,1390
matiasinsaurralde/facebook-tunnel,46,Roff,81,1291,1,1,4185,22,3250,126,1291
vivian8725118/ZXingGenerator,15,Java,126,649,1,1,3098,12,2900,14,649
Ge0rg3/requests-ip-rotator,138,Python,162,1549,1,1,1405,5,28,45,1549
damikun/trouble-training,153,C#,127,472,1,1,1346,93,1124,233,472
xxczaki/oji,26,JavaScript,21,721,1,0,2669,39,1345,101,721
paulelliott/fabrication,76,Ruby,95,997,1,0,5459,153,1529,795,997
ruanyf/koa-demos,35,,220,487,1,1,2849,107,2496,16,487
MarkoMilos/Paginate,86,Java,219,1348,1,0,3484,5,1702,17,1348
nirukk52/SnapTabLayout,66,Kotlin,52,769,1,1,2476,73,1037,96,769
ChrisLinn/greyhame-2017,19,,185,796,1,1,2728,117,2146,59,796
yuantailing/ctw-baseline,65,Python,87,332,1,1,2632,46,2256,174,332
wolfking0608/ActionSheetDialogDemo,0,Java,42,79,1,1,2696,1401,2696,6,79
NVIDIA-AI-IOT/deepstream_reference_apps,50,C++,351,1204,0,1,2502,4,168,144,1204
tools-life/taskwiki,50,Python,98,874,1,1,3796,3,392,876,874
sepfy/libpeer,46,C,201,1210,1,1,1507,4,19,303,1210
microsoft/PowerBI-JavaScript,115,TypeScript,476,1096,0,1,3524,7,114,895,1096
zhyever/Monocular-Depth-Estimation-Toolbox,59,Python,108,937,1,1,1168,22,906,10,937
liangklfangl/react-article-bucket,133,,109,805,1,1,2883,28,2245,184,805
tachiyomiorg/website,39,Vue,1766,928,1,0,2194,4,493,1032,928
triketora/women-in-software-eng,63,Python,294,766,1,1,4232,29,1497,798,766
SciRuby/sciruby,40,Ruby,79,1000,1,1,5250,17,1911,264,1000
stealjs/steal,15,JavaScript,521,1369,1,1,5583,13,638,1950,1369
sahandnayebaziz/StateView,66,Swift,14,484,1,1,3336,7,2773,50,484
cbaggers/cepl,23,Common Lisp,51,877,1,1,4767,7,295,1838,877
desaperados/seed,44,Ruby,18,229,1,1,6093,272,5640,155,229
Chainlit/cookbook,24,Python,389,1114,1,0,744,4,22,233,1114
GoogleChromeLabs/pwa-wp,68,PHP,100,622,1,1,2556,15,36,2356,622
apollographql/federation-demo,147,JavaScript,194,505,1,1,2191,7,727,16,505
qiniu/php-sdk,42,PHP,425,808,1,1,4419,29,205,944,808
bitfumes/laravel-multiauth,44,PHP,104,469,1,1,2485,136,893,211,469
heatz123/naturalspeech,74,Python,65,475,1,1,869,38,471,11,475
williamngan/roll,53,JavaScript,64,1009,1,1,3519,4,2947,35,1009
jianyu-niu/blockchain_conference_paper,196,,235,1132,1,1,2308,3,366,290,1132
Ajian-studio/GABottleLoading,19,Java,94,817,1,1,3061,34,3061,11,817
SaiAkhil066/DeepSeek-RAG-Chatbot,141,Python,198,1498,1,1,113,4,55,51,1498
centrifugal/centrifuge-js,217,TypeScript,110,442,1,1,3836,12,12,423,442
App2Sales/react-native-switch-selector,32,JavaScript,115,511,1,1,2780,36,1155,160,511
browserify/events,37,JavaScript,174,1396,1,0,5145,18,153,140,1396
osixia/docker-phpLDAPadmin,31,Shell,196,880,1,1,4044,4,294,283,880
nestjsx/nest-access-control,52,TypeScript,79,1147,1,0,2558,8,589,133,1147
codingdojo-org/codingdojo.org,38,Dockerfile,311,118,1,1,3089,845,1829,241,118
alexkuz/webpack-chart,13,JavaScript,32,436,1,1,3575,197,3182,31,436
eclipse/mraa,193,C,619,1390,1,1,4013,16,267,1840,1390
noopkat/ms-bing-speech-service,73,JavaScript,17,82,1,1,2817,781,2209,87,82
JunyiXie/XJYChart,60,Objective-C,99,871,1,1,3041,99,1982,272,871
erica/NSDate-Extensions,26,Objective-C,288,1381,1,1,5586,52,976,58,1381
a16z-infra/llm-app-stack,0,,125,1180,1,1,666,4,300,106,1180
cyqresig/ReactNativeComponentDemos,61,Objective-C,83,349,1,1,3180,291,2966,92,349
Go-zh/tour,22,Go,222,1501,1,0,3658,4,809,581,1501
balena-os/meta-balena,58,BitBake,120,979,1,0,3610,5,4,7760,979
f90/Wave-U-Net,60,Python,183,892,1,1,2585,13,790,57,892
ozantunca/locally,140,JavaScript,11,370,1,1,3729,189,1446,76,370
jeongyoonlee/Kaggler,41,Python,163,751,1,1,3767,18,393,254,751
leighmcculloch/vagrant-docker-compose,41,Ruby,71,688,1,0,3668,12,1253,75,688
ncase/nothing-to-hide,108,JavaScript,68,781,1,1,4195,6,2804,280,781
tarcieri/reia,76,Erlang,37,775,1,1,6271,4,4704,1374,775
winterDroid/android-drawable-importer-intellij-plugin,173,Java,137,859,1,1,4064,20,2390,236,859
suriyadeepan/torchtest,41,Python,17,310,1,1,2389,70,1681,30,310
TDuckCloud/tduck-platform,127,Java,144,1084,1,1,1990,4,13,467,1084
prooph/event-sourcing,58,PHP,42,265,1,1,4003,206,1522,285,265
csscomb/sublime-csscomb,53,Python,60,397,1,1,4160,227,2283,43,397
jakubgarfield/expenses,68,JavaScript,178,1249,1,1,2908,7,454,50,1249
psyho/dependor,82,Ruby,7,109,1,1,5153,589,2752,68,109
adobe/S3Mock,138,Kotlin,185,916,1,1,2864,3,3,1982,916
diStyApps/ComfyUI-disty-Flow,80,JavaScript,28,544,1,1,219,8,138,43,544
meteor-useraccounts/boilerplates,92,JavaScript,63,103,1,1,3926,745,3455,147,103
chaseSpace/k8s-tutorial-cn,87,Makefile,124,1549,1,1,575,5,144,423,1549
fkhadra/react-contexify,48,TypeScript,122,1204,1,1,3259,14,179,458,1204
ConciseCSS/concise.css,115,JavaScript,71,940,1,0,4009,45,768,509,940
MLSDev/TRON,66,Swift,47,541,1,1,3398,141,186,419,541
aardio/wubi-lex,115,,140,1054,0,0,2003,8,92,74,1054
inkline/inkline,174,TypeScript,76,1414,1,1,2661,4,4,3252,1414
cseroad/Exp-Tools,17,,82,1228,1,0,806,3,198,51,1228
daijifeng001/R-FCN,69,Matlab,540,1246,1,1,3262,71,2939,34,1246
sixhobbits/technical-writing,55,,94,601,1,1,3024,36,460,118,601
szechyjs/dsd,22,C++,292,736,1,1,5024,10,47,101,736
x2on/gradle-hockeyapp-plugin,64,Groovy,67,181,0,0,4261,373,2613,289,181
vitoziv/VIMediaCache,48,Objective-C,188,982,1,1,3292,7,367,95,982
restackio/examples-python,30,Python,42,364,1,1,221,4,3,686,364
reactjs/react-gradual-upgrade-demo,74,JavaScript,26,421,1,0,1749,23,895,6,421
soumith/imagenet-multiGPU.torch,30,Lua,158,403,1,1,3730,26,3012,99,403
xiufengcheng/DATASTRUCTURE,4,C++,243,811,1,1,2843,29,974,254,811
adsr/mle,39,C,55,868,1,1,3805,5,22,634,868
liuchengxu/space-vim-dark,98,Vim Script,73,604,1,1,3120,42,566,134,604
netyouli/WHC_DataModelFactory,242,Objective-C,221,1189,1,1,3672,11,1492,72,1189
xx-zh/xx-zh-roadmap,13,,123,985,1,1,1862,17,1596,11,985
JedWatson/react-tappable,28,JavaScript,90,862,1,1,3873,101,2015,299,862
fsprojects/zarchive-fsharpbinding,48,Emacs Lisp,106,307,1,0,5301,220,2676,2383,307
quant-science/sunday-quant-scientist,93,HTML,218,1111,1,1,674,4,27,87,1111
goshacmd/pabla,105,JavaScript,69,352,1,0,3255,129,3158,68,352
nasa/apod-api,40,Python,173,892,1,1,3460,6,205,203,892
michaeltyson/Reginald,55,Objective-C,18,124,1,1,5409,620,3082,4,124
luliyucoordinate/Leetcode,49,C++,481,1489,1,1,2571,20,730,1055,1489
szpnygo/wepy_ios_top,26,CSS,43,196,1,1,2684,290,1795,34,196
dersvenhesse/awesome-scriptable,57,,39,1336,1,0,1664,3,146,89,1336
jayus0821/swagger-hack,21,Python,111,1048,1,1,1572,5,1040,28,1048
alexellis/href-counter,61,Go,41,52,1,1,2994,630,589,13,52
HazyResearch/meerkat,43,Python,43,838,1,1,1477,5,149,1810,838
dobtco/jquery-resizable-columns,35,JavaScript,170,535,1,1,4374,92,581,110,535
David00/rpi-power-monitor,32,Python,104,1012,1,1,1902,5,70,184,1012
andrew-levy/swiftui-react-native,102,TypeScript,30,847,1,1,1649,10,190,129,847
bsideup/liiklus,59,Java,35,235,1,0,2655,218,848,294,235
NBlood/NBlood,126,C++,80,655,1,1,2291,5,6,14232,655
carolinabigonha/br-atlas,59,Makefile,37,133,1,1,4248,153,1143,17,133
raml2html/raml2html,37,JavaScript,246,1135,0,0,4097,4,974,457,1135
thangchung/clean-architecture-dotnet,242,C#,271,1297,1,1,1592,6,756,77,1297
kevinlq/LQFramKit,97,C++,165,208,1,1,2973,130,1176,120,208
bernaferrari/color-studio,95,Dart,23,430,1,1,1974,23,800,91,430
aind-containers/aind,43,Shell,93,1495,1,0,1871,8,1431,89,1495
winterknife/PINKPANTHER,60,Assembly,59,508,1,1,1053,26,400,7,508
HujiangTechnology/RestVolley,129,Java,22,229,1,1,3385,280,2318,54,229
JuliaLang/PackageCompiler.jl,26,Julia,197,1480,1,0,2746,3,30,803,1480
rwu823/sh-exec,59,TypeScript,1,94,1,1,2695,665,524,26,94
markdtw/awesome-architecture-search,55,,199,1186,1,1,2733,3,1710,57,1186
eikek/sharry,53,Elm,60,1021,1,1,2936,6,9,2739,1021
beartung/tclip-android,34,C++,58,292,1,1,4188,105,2958,27,292
jwzhangjie/JwZhangJie,5,Java,117,145,1,1,4326,154,4321,9,145
styled-components/babel-plugin-styled-components,91,JavaScript,144,1075,1,0,3132,35,412,486,1075
GuoQiang1993/Frida-Apk-Unpack,0,JavaScript,182,691,1,1,2173,9,1869,11,691
stefanoa/SASlideMenu,62,Objective-C,118,568,1,1,4661,521,3291,125,568
OpenSourceAP/CrossSection,99,Stata,240,826,1,1,1840,4,78,321,826
quay/jwtproxy,42,Go,39,412,1,0,3362,22,1304,166,412
hustvl/MapTR,121,Python,206,1279,1,1,1030,7,81,88,1279
muhanzhang/SEAL,172,C,141,649,1,1,2658,11,1066,32,649
acode/copenhagen,67,JavaScript,31,499,1,1,1528,22,1012,63,499
geventhttpclient/geventhttpclient,73,Python,137,553,1,1,4905,7,7,532,553
iamraphson/react-paystack,57,TypeScript,166,466,1,1,2888,7,292,130,466
punesemu/puNES,115,C,43,703,1,0,3526,3,10,2364,703
sosoapi/sosoapi-web,0,JavaScript,141,184,1,1,3228,208,889,24,184
amibug/fly,35,JavaScript,370,667,1,1,3915,29,3714,13,667
jbalogh/jingo,50,Python,44,178,1,1,5581,639,3223,148,178
hapi-swagger/hapi-swagger,28,JavaScript,424,913,1,1,4309,24,3,1257,913
laincloud/lain,16,Python,98,463,1,1,3300,41,2251,343,463
lmsqueezy/nextjs-billing,38,TypeScript,99,697,1,0,807,5,276,92,697
tywalch/electrodb,160,JavaScript,75,1072,1,1,1899,6,21,521,1072
alexrs/RecyclerViewRenderers,22,Java,18,136,1,1,3861,1527,2802,45,136
937447974/Blog,16,,81,211,1,1,3487,304,829,658,211
haskell-perf/checklist,33,,16,391,0,0,2712,21,1819,37,391
digitaltoad/vim-pug,73,Vim script,74,817,1,1,5403,20,1819,123,817
mjl-/duit,63,Go,36,958,1,1,2665,5,1620,279,958
vista-simulator/vista,83,Python,87,397,1,1,1095,26,549,412,397
wyb10a10/cocos_creator_framework,33,TypeScript,357,1012,1,1,2059,5,337,299,1012
tylermcginnis/react-router-firebase-auth,71,JavaScript,179,727,1,1,3750,19,2702,33,727
YeeZTech/YeeZ-Privacy-Computing,52,C,152,1054,1,1,1523,4,147,425,1054
pushingkarmaorg/python-plexapi,33,Python,200,1198,1,0,3798,10,34,2562,1198
kvnol/aprenda-frontend,47,,62,1057,1,1,2873,4,279,103,1057
AlanChen4/Summer-2024-SWE-Internships,90,Python,53,1441,1,1,724,8,616,271,1441
mmozeiko/RcloneBrowser,36,C++,434,1333,1,1,3036,4,2091,48,1333
glm-tools/pyglmnet,74,Python,84,280,1,1,3337,112,644,859,280
carpedm20/NTM-tensorflow,37,Jupyter Notebook,212,1045,1,1,3452,70,2927,103,1045
ucla-rlcourse/RLexample,38,Python,303,1240,1,0,2326,10,133,69,1240
troybowman/dtxmsg,0,C++,38,271,1,1,2549,69,1493,70,271
fossasia/susi_fbbot,32,JavaScript,49,1519,1,0,3166,13,2568,97,1519
torfsen/python-systemd-tutorial,50,Python,139,1378,1,1,2304,9,815,15,1378
steveruizok/telestrator,44,TypeScript,18,388,1,1,1561,68,633,36,388
DataDaoDe/awesome-foss-apps,94,,17,340,1,1,3618,21,289,29,340
tianocore/tianocore.github.io,17,HTML,344,1297,1,1,3979,10,10,469,1297
nfarina/calloutview,65,Objective-C,188,1195,1,1,4656,61,1439,187,1195
StephanHoyer/mithril-isomorphic-example,44,JavaScript,15,109,1,1,3758,157,12,110,109
pointfreeco/sharing-grdb,60,Swift,16,481,1,0,162,3,3,51,481
danijar/dreamerv2,42,Python,200,943,1,1,1630,3,853,28,943
topiam/eiam,101,Java,203,1069,1,1,901,4,65,595,1069
stevenpersia/captain-hook,36,JavaScript,36,364,1,0,2169,53,1496,62,364
hoaproject/Compiler,25,PHP,52,454,1,0,4655,106,1484,423,454
djchie/react-native-star-rating,79,JavaScript,205,832,1,1,3472,6,739,134,832
lucidrains/lambda-networks,105,Python,156,1531,1,1,1687,9,1646,31,1531
monix/monix-nio,39,Scala,11,52,1,1,3075,1141,1316,134,52
alexk111/ngImgCrop,75,JavaScript,510,1117,1,1,3963,24,2234,26,1117
wavesplatform/WavesGUI,12,JavaScript,234,403,1,1,3332,73,897,10361,403
ErickWendel/semana-javascript-expert06,42,JavaScript,201,1270,1,1,1174,23,1094,21,1270
RimGazzeh/MVI-cleanArch,32,Kotlin,39,235,1,1,1722,63,724,25,235
crazy-max/csgo-server-launcher,57,Shell,119,589,1,0,4651,15,90,280,589
jonikorpi/Frameless,41,CSS,214,1129,1,1,5017,92,3553,22,1129
Raathigesh/dazzle,42,JavaScript,144,1438,1,1,3330,17,1988,148,1438
ExpediaGroup/flyte,79,Go,17,88,1,0,2594,280,444,84,88
bgentry/que-go,109,Go,48,325,1,1,3863,89,550,52,325
monkeyscage/PERFECT-EMPTY-DAPP,46,JavaScript,13,58,1,1,3060,790,2600,68,58
SchneeHertz/exhentai-manga-manager,66,Vue,43,1303,1,1,1133,3,7,839,1303
antonyt/InfiniteViewPager,59,Java,193,694,1,1,4820,229,2599,28,694
MMF-FE/svgicon,32,TypeScript,93,919,1,1,3013,100,457,512,919
longlostnick/bootstrap-growl,97,JavaScript,204,805,1,0,4669,113,2696,75,805
OYsun/VueStar,72,CSS,108,859,1,1,3037,100,1984,9,859
Brackeys/RPG-Tutorial,46,C#,285,790,1,1,2906,7,1620,43,790
INotGreen/XiebroC2,72,Go,192,1222,1,1,462,4,84,117,1222
ramnathv/rCharts,28,JavaScript,653,1192,1,1,4425,22,3138,638,1192
0ldsk00l/nestopia,48,C++,168,775,1,0,4644,5,57,1201,775
bennycode/trading-signals,78,TypeScript,103,724,1,0,1821,3,5,913,724
mikemelon/java-exam,40,Java,316,811,1,1,3116,7,708,96,811
jarektkaczyk/eloquence,32,PHP,140,1084,1,1,3718,27,716,133,1084
jarroyoesp/KotlinMultiPlatform,82,Kotlin,66,769,1,1,2208,16,1859,141,769
rust-embedded/discovery,52,Rust,543,1540,1,0,3122,3,21,841,1540
Experience-Monks/nice-color-palettes,28,JavaScript,79,949,1,1,3264,20,233,13,949
pbcquoc/vietocr,15,Jupyter Notebook,218,661,1,1,1840,4,124,613,661
jeffshee/hidamari,47,Python,40,1456,1,1,1908,3,140,225,1456
xomboverlord/xomb,42,D,80,346,1,1,5978,70,4374,926,346
DXY-F2E/dxy-ui,32,CSS,14,160,1,1,2766,669,2319,144,160
PhantomBot/PhantomBot,240,JavaScript,337,799,1,0,3410,5,26,11519,799
CSSLab/maia-chess,84,Python,125,1018,1,0,1913,4,675,42,1018
P1sec/QCSuper,137,Python,252,1447,1,1,2145,7,302,139,1447
cmdcolin/awesome-genome-visualization,70,TypeScript,122,961,1,1,1984,6,6,617,961
zendframework/zend-expressive-swoole,42,PHP,14,157,1,0,2535,158,1941,357,157
goburrow/cache,69,Go,45,595,1,1,3134,26,951,64,595
lcdevelop/FullStackDeveloperCourse,9,,215,1021,1,1,3271,30,1040,18,1021
smartstore/Smartstore,100,C#,500,1345,1,1,1680,3,3,9062,1345
SunshineBrother/JHBlog,18,Objective-C,347,1402,1,1,2494,10,1393,445,1402
sliminality/ply,49,CSS,14,394,1,1,2991,66,862,203,394
makehumancommunity/makehuman,66,Python,268,1342,1,1,2970,5,277,2705,1342
antgod/blog,0,JavaScript,25,70,1,1,3034,580,1189,80,70
chrisdev/django-pandas,53,Python,117,808,1,1,4678,17,414,256,808
llollox/CompoundButtonGroup,55,Java,10,55,1,1,2947,735,2596,21,55
youzan/tiny-loader.js,64,JavaScript,46,205,1,1,3497,268,3004,25,205
BorisMorel/LdapBundle,64,PHP,93,103,1,1,5081,578,2237,232,103
strazzere/android-unpacker,74,C,334,1144,1,1,3940,14,1949,58,1144
GTRONICK/QSS,25,,466,1534,1,1,2596,8,733,72,1534
ithinco/i-am-chinese-the-dragonfly-must-go-on,68,,36,1399,0,0,2365,52,2310,18,1399
hwz/chirp,72,JavaScript,480,316,1,1,3762,123,2776,86,316
yhArcadia/Yunzai-Bot-plugins-index,21,,88,1066,1,1,1060,4,31,1276,1066
densh/scala-offheap,49,Scala,35,532,1,0,3880,360,2236,352,532
gruntwork-io/terragrunt-infrastructure-live-example,93,HCL,491,844,1,1,2881,4,18,69,844
ShirasawaSama/CefDetector,55,C#,18,1087,1,1,908,6,873,11,1087
agusso/ASOAnimatedButton,169,Objective-C,34,283,1,1,4074,503,4062,39,283
implus/GFocalV2,113,Python,54,481,1,1,1722,38,1348,10,481
thunderbird-conversations/thunderbird-conversations,193,JavaScript,109,670,1,1,5559,8,3,2881,670
maning0303/GankMM,141,Java,162,583,1,1,3354,28,1295,472,583
elliotchance/mbzdb,103,Perl,32,88,1,1,5456,453,2847,118,88
kevinsqi/react-calendar-heatmap,63,JavaScript,162,1261,1,1,3317,7,88,408,1261
norio-nomura/action-swiftlint,27,Swift,63,379,1,1,2342,37,344,85,379
clojurewerkz/elastisch,89,Clojure,134,388,1,0,4915,24,185,1567,388
robinvdvleuten/shvl,55,JavaScript,10,73,1,0,2759,596,997,82,73
jlongster/blog,58,CSS,74,1219,0,1,3783,51,870,146,1219
halower/vue-tree,51,Vue,201,934,1,1,2978,41,896,619,934
USTB-musion/fee-skills,16,JavaScript,4,85,1,1,2833,842,1727,146,85
natural/java2python,69,Python,244,574,1,0,4862,8,422,215,574
gamedig/node-gamedig,72,JavaScript,154,646,1,0,4335,9,3,748,646
dmitryn/GitStats,83,Python,162,595,1,1,5566,7,484,224,595
dracula/gtk,24,CSS,85,985,1,1,2675,5,7,418,985
wyf3/llm_related,15,Jupyter Notebook,215,1471,1,1,292,3,4,51,1471
morozovsk/yii2-websocket,38,PHP,13,94,1,1,3547,772,3272,10,94
GhostPack/SafetyKatz,119,C#,245,1264,1,1,2494,4,2060,6,1264
badoualy/stepper-indicator,49,Java,258,1486,1,1,3266,5,1676,80,1486
smarteist/Android-Image-Slider,25,Java,315,964,1,1,2629,17,276,127,964
qiaoxu123/Self-Driving-Cars,49,Jupyter Notebook,586,1060,1,1,2244,4,1875,17,1060
lirantal/npq,91,JavaScript,28,988,1,0,2716,6,252,274,988
plibither8/markdown-new-tab,60,JavaScript,64,826,1,1,2526,48,485,162,826
VergilGao/docker-mdc,76,Dockerfile,95,559,1,1,1686,21,674,132,559
Unidata/netcdf-c,64,C,277,547,1,1,4307,20,28,10566,547
bifan-wei/HwTxtReader,79,Java,175,787,1,1,3248,6,493,198,787
aliyunvideo/AliyunPlayer_Web,126,JavaScript,1021,946,1,1,2572,6,126,161,946
UnderTreeTech/waterdrop,104,Go,38,274,1,1,1744,42,122,502,274
fishworks/gofish,37,Go,63,814,1,1,2607,34,1172,325,814
lewangdev/gost-install.ipynb,28,Jupyter Notebook,86,688,1,1,797,11,762,30,688
Datomic/day-of-datomic,43,Clojure,101,517,1,1,4642,51,311,119,517
NisreenFarhoud/Bash-Cheatsheet,0,,50,376,1,1,3719,113,799,43,376
fujianlian/KLineChart,44,Java,177,745,1,1,2455,11,1285,16,745
lukejacksonn/perflink,61,JavaScript,41,1216,1,1,2246,13,1524,86,1216
AgoraIO/Basic-Video-Call,113,C++,1006,703,1,1,2431,11,702,537,703
